{
    "path": "sample_text/en2es.translation.m2m100_418M.txt",
    "sacrebleu": {
        "score": 29.072907202886253,
        "counts": [
            18582,
            10514,
            6681,
            4387
        ],
        "totals": [
            30388,
            29388,
            28390,
            27392
        ],
        "precisions": [
            61.14913781755956,
            35.77650741799374,
            23.53293413173653,
            16.015625
        ],
        "bp": 0.9647980111591153,
        "sys_len": 30388,
        "ref_len": 31477
    },
    "rouge": {
        "rouge1": 0.579804125926684,
        "rouge2": 0.35711799408400774,
        "rougeL": 0.5267816454754455,
        "rougeLsum": 0.5273163154797025
    },
    "bleu": {
        "bleu": 0.29072907202886256,
        "precisions": [
            0.6114913781755956,
            0.3577650741799374,
            0.23532934131736527,
            0.16015625
        ],
        "brevity_penalty": 0.9647980111591153,
        "length_ratio": 0.9654033103535915,
        "translation_length": 30388,
        "reference_length": 31477
    },
    "meteor": {
        "meteor": 0.5341572751283119
    },
    "ter": {
        "score": 59.71604153422335,
        "num_edits": 16908,
        "ref_length": 28314.0
    },
    "bert_score": {
        "precision": 0.8185503813624382,
        "recall": 0.8128425980806351,
        "f1": 0.8153334923088551,
        "hashcode": "microsoft/deberta-xlarge-mnli_L40_no-idf_version=0.3.12(hug_trans=4.30.0.dev0)_fast-tokenizer"
    }
}