{
    "path": "sample_text/en2es.translation.m2m100_1.2B.txt",
    "sacrebleu": {
        "score": 32.15019121336132,
        "counts": [
            19161,
            11393,
            7559,
            5187
        ],
        "totals": [
            30102,
            29102,
            28104,
            27106
        ],
        "precisions": [
            63.653577835359776,
            39.148512129750536,
            26.896527184742386,
            19.13598465284439
        ],
        "bp": 0.9553495084330463,
        "sys_len": 30102,
        "ref_len": 31477
    },
    "rouge": {
        "rouge1": 0.602850264212381,
        "rouge2": 0.38933908070548573,
        "rougeL": 0.5520611983269869,
        "rougeLsum": 0.5520263175872622
    },
    "bleu": {
        "bleu": 0.32150191213361295,
        "precisions": [
            0.6365357783535978,
            0.39148512129750535,
            0.26896527184742386,
            0.1913598465284439
        ],
        "brevity_penalty": 0.9553495084330461,
        "length_ratio": 0.9563173110525145,
        "translation_length": 30102,
        "reference_length": 31477
    },
    "meteor": {
        "meteor": 0.559313673095486
    },
    "ter": {
        "score": 56.87292505474324,
        "num_edits": 16103,
        "ref_length": 28314.0
    },
    "bert_score": {
        "precision": 0.8262975588142872,
        "recall": 0.8192616358399392,
        "f1": 0.8223584635257721,
        "hashcode": "microsoft/deberta-xlarge-mnli_L40_no-idf_version=0.3.12(hug_trans=4.30.0.dev0)_fast-tokenizer"
    }
}